1944		41.4	32.7	2381
1944		44	84	3
1944		-8.5	123.5	
1944		36.8	54.5	20
1944		-2.5	152.8	
1944		38.9	29.3	21
1944		36.7	22.5	
1944	NY	44.957	-74.723	
1944		39.1	75	
1944		-22.5	172	
1944		39.4	26.7	30
1944		-19	169	
1944		34	137.1	1223
1945		34.7	137.2	2306
1945		40.9	142.1	
1945		       	32	5
1945		37.4	35.8	300
1945		35.2	52.1	20
1945		38.5	43.3	
1945		38.5	43.3	300
1945		2.5	15.6	
1945		39.5	119	17
1945		24.5	63	4000
1945		38	28.9	7
1945		-6	150	
1946		32.5	59.1	3
1946		35.75	5	264
1946		38.2	31.8	12
1946		29.4	51.4	
1946	AK	53.492	-162.832	
1946		39.3	41.2	840
1946	BC	49.87	-124.92	
1946		-26.5	-70.5	2
1946		19.25	-69	
1946		19.5	-69.5	
1946		23.9	96.2	
1946		23.9	96.2	
1946		-4.5	153.5	
1946		-14	-76.25	
1946	AK	51.5	-174.5	
1946		41.5	72.5	
1946		39.3	55.4	400
1946		-8.5	-77.5	800
1946		23.1	120.3	58
1946		33	135.6	1362
1947		13.2	-87.5	
1947		33.3	99.5	
1947		-38.85	178.87	
1947		25	102	1
1947	CA	35	-116.6	
1947		-6.5	148.5	
1947		-38.42	178.88	
1947		26.7	102.9	3
1947		37.5	57.8	
1947		1.2	-77.2	2
1947		28.5	94	
1947		25.5	63	
1947		37	8	3
1947		33.4	58.7	500
1947		37	22	3
1947		-10.5	-75	233
1947		43.8	141	
1948		10.5	122	72
1948		35.5	27	
1948		-3	127.5	
1948		33.1	135.6	
1948		38.532	20.425	2
1948		44.6	10.9	
1948		-17.4	-71	1
1948	AK	54.5	-161	
1948		37.2	121.8	
1948		29.5	100.5	800
1948		-13.1	-76.2	4
1948		6	95	
1948		26.4	99.7	110
1948		36.5	136	5131
1948		38.5	20.5	6
1948		-21	-174	
1948		37.95	58.32	110000
1948		27.4	104	3
1948		22	-106	4
1948		-22.5	-69	
1949		54.6	163.5	
1949		38.2	20	
1949		42	84	21
1949		36	70.5	
1949	WA	47.167	-122.617	8
1949		-38	-73.5	57
1949		27.28	56.46	
1949		5	95	
1949		39.2	70.8	3500
1949		38.58	26.23	7
1949		-1.4	-78.5	
1949		-1.5	-78.2	6000
1949		-18.5	-174.5	
1949		39	40.5	320
1949		53.62	-133.27	
1949		17	121.5	
1949		42.5	12.7	
1949		-5.5	154	
1949		30.3	102.5	
1949	CA	33.75	-118.25	
1949		-54	-71	1
1949		-54	-71	3
1949		17	121.63	
1950		27.3	53.2	20
1950		-53.5	-71.5	
1950		21.7	100.1	
1950		40	40	20
1950		46	144	
1950		-8	-71	
1950		-37.8	177.2	
1950		6.5	-83	
1950		-15	-69.5	
1950		-13.5	-72	83
1950		-6	113	16
1950		7.8	-72.5	211
1950		10.5	-68	100
1950		-1.5	-78.2	
1950		28.5	96.5	1530
1950		23.5	103.1	
1950		11	-85	
1950		-3.8	128.3	
1950		14.31	-91.917	
1950		-6.5	129.5	
1950		-10	159.5	
1950		16.5	-100.4	
1950		-18.25	167.5	
1950		-23.5	-67.5	1
1950		-14.25	-75.75	4
1950		-19.5	-176	
1950		16.48	-98.22	
1951		-9.3	147.1	3000
1951		-3.7	142.2	
1951		9.5	127.3	
1951		13	-87.8	1100
1951		-15	-69.5	
1951		16.1	-96.8	1
1951		13	-87.5	
1951		13	-87.5	
1951		41.6	13.8	
1951		40.8	33.4	50
1951	CA	33.5	-118.2	
1951	HI	19.7	-156	
1951		23.8	121.7	68
1951		31.1	91.4	
1951		22.9	121.5	17
1951		-34	57	
1951		26.7	100	
1952		39.9	41.7	103
1952		-14.1	-69.9	
1952		42.15	143.85	33
1952		41.7	142.5	
1952	HI	19.11	-155.033	
1952		9.5	127.25	
1952		10.3	-85.3	
1952		39.8	39.5	94
1952		22.7	99.8	
1952		-18.5	169.25	
1952	CA	35	-119.017	12
1952		30.5	91.5	54
1952	CA	35.333	-118.917	2
1952		28.3	102.2	
1952		39	112.7	
1952		36.5	35.5	20
1952		52.755	160.057	
1952		22.9	99.7	
1952		10.3	-83.5	29
1953		28.5	52.3	11
1953		18.4	-73.4	2
1953		35.4	55.1	970
1953		-12	-77.5	
1953		50	156.5	
1953		40	27.5	1070
1953		-4.449	152.868	
1953		29	52	1
1953		24.2	103.2	
1953		-36.5	-72.5	9
1953		19.8	-70.7	
1953		41.4	26.3	37
1953		-19	169	
1953		38.1	20.6	
1953		38.3	20.8	476
1953		35	32.5	40
1953		-18.3	178.2	2
1953		-13.189	166.516	
1953		34	141.7	1
1953		-22.1	-68.7	3
1953		-3.4	-80.6	6
1954		17.3	-92.6	6
1954		39	101.3	
1954		-34.9	138.7	
1954		24.5	95.3	
1954		37	-3.5	
1954		39.8	22.1	25
1954		29.5	-29.5	
1954		39.3	22.2	31
1954		36	66	2000
1954		31.6	116.6	
1954		13	123.9	13
1954	NV	39.4	-118.5	
1954		38.8	104.2	
1954		27.5	52	1
1954	NV	39.6	-118.5	
1954		36.283	1.467	1243
1954		36	1.5	
1954		36	1.5	
1954		36	1.5	
1954		29.4	104.8	
1954		-8	119	
1954		38.9	142.2	
1954	NV	39.3	-118.2	
1955		11.46	-69.57	
1955	CA	33.8	-118.2	
1955		30.5	67	12
1955		-28	-175.5	
1955		8.1	123.2	400
1955		13	-87	
1955		37.5	22	
1955		30	101.8	39
1955		39.9	74.6	
1955		39.4	23.1	8
1955		-30	-72	
1955		39.5	23	7
1955		44.2	83.6	
1955		6.5	94	
1955		26.5	101.1	
1955		37.5	27	4
1955		0.2	-78.4	
1955		10	-84.5	10
1955		-6.9	155.7	
1955		32.2	29.6	22
1955		26.6	101.8	
1955		29.9	101.4	
1955		-16.2	-71.3	1
1955		-5	152.5	
1956		17	-99.5	
1956		-19	-70	
1956		-20	-175	
1956		47.5	19.3	2
1956		-0.5	-80.5	
1956		12.2	-86.7	
1956		45.5	14.3	
1956		40	30.5	4
1956		-38.9	175.7	
1956		44.3	144.1	
1956		35.5	35.5	148
1956		37	-4	7
1956		-15	-179	
1956		35.1	67.5	100
1956		36.9	26	53
1956		36.8	25.2	
1956		22.2	95.7	38
1956		-5.5	130	
1956		23	70	156
1956		33.8	138.8	
1956		37.8	114	
1956		46	150.5	
1956		27.2	54.4	347
1956		39.5	23	
1956		-25.5	-71	
1956		40.5	115.5	
1957		36.2	8.9	13
1957		23.9	121.6	11
1957		39.4	22.8	2
1957	AK	51.292	-175.629	
1957	AK	55	-165.2	
1957		-15.5	-173	
1957		-4.6	107.1	
1957		33.4	52.5	16
1957		36	28.5	
1957		36.4	28.7	18
1957		40.7	30.9	500
1957		38	112.5	
1957		-1.5	137	
1957		56.2	116.4	
1957		36.1	52.7	1100
1957		16.5	-99.1	65
1957		-23.5	-71.5	
1957		28.3	53.3	
1957		5.5	127.5	
1957		-8.2	107.3	
1957		-20.4	-178.5	
1957		-2	116	
1957		-21	-66	
1957				
1957		45.5	99.5	30
1957		34.3	47.8	1200
1957		-12.3	166.7	
1958		-16.5	-72	28
1958		36.5	53	
1958		1.5	-79.5	111
1958		2	-79	22
1958		31.5	104	
1958		25	125	
1958		-4.5	104	
1958		38.5	-28.8	
1958	AK	58.37	-136.665	
1958		-13.5	-69	
1958		34.4	47.9	132
1958		-18	-65	4
1958		-33.785	-70.112	7
1958		49.3	156.4	
1958		36	49	20
1958		22.5	109.5	
1958		-9.5	112.5	8
1958		-50	-115	
1958		44.53	148.54	
1958		44.2	148.8	
1958		44.3	9.9	
1958		44.4	8.8	
1959		37.5	142.2	
1959		44.5	9.6	
1959		-4	-81.5	
1959		44	6.8	
1959		44.3	149	
1959		42.9	12.6	
1959		44.5	10.8	
1959		37	28.7	
1959		24.78	122.7	2
1959		52.5	159.5	1
1959		17	-96.3	
1959		-20.369	-68	1
1959		53.9	160.5	
1959		31.8	115.3	
1959		35.6	110.9	
1959		22.18	121.13	16
1959		-7.5	156	
1959	MT	44.712	-111.215	28
1959		18.3	-94.4	25
1959		40.9	19.8	2
1959		-28.5	-177	
1959		39.1	41.6	18
1959		37.5	143.2	
1959		45.89	151.11	
1959		36.4	2.6	
1959		38.75	75.317	
1959		-13.5	-74	7
1960		-15.75	-72.75	63
1960		-15	-75	63
1960		33.8	104.5	
1960		36	4.1	47
1960		30.45	-9.62	13100
1960		39.8	143.4	
1960		39.4	143.7	
1960		44.7	127	
1960		28	54.5	420
1960		-0.5	121.5	
1960		-37.872	-73.243	
1960		-38.143	-73.407	2000
1960		40	20	8
1960		-9.4	152.3	
1960		40.3	142.5	
1960		-1.5	-79	11
1960		28.6	76.7	
1960		-3.6	29	24
1960		11.1	122.3	3
1960		-38.5	-75.1	
1960		32.7	103.7	
1960		-6.8	-80.7	
1961		50.016	156.099	
1961		36	142.3	
1961		36	141.9	
1961		36.2	141.9	
1961		24.9	93.34	
1961		43.2	147.9	
1961		31.6	131.8	2
1961		-28.3	-175.7	
1961		30.5	110	
1961		-8.2	122	2
1961		38	15.3	15
1961	CA	34	-118	
1961		39.8	77.7	
1961		36.7	28.5	
1961		10.4	39.9	30
1961		27.9	54.6	60
1961		24.97	98.63	
1961		8.9	-73.4	
1961		33.5	49.4	5
1961		27.73	99.75	
1961		29.6	131.8	
1961		-18.421	168.411	
1961		-9.849	160.614	
1961		42.9	145.6	
1961		46.338	149.548	
1961		36	136.7	10
1961		-10.5	-70.7	
1961		-59.5	-27.3	
1961		-58	-27	
1961		-56.26	-27.283	
1961		34.33	104.78	
1961		33.6	48.1	2
1961		-36.7	-73	
1961		42.7	145.7	
1961		4.6	-75.6	23
1962		43.3	17.1	4
1962		43.3	17.1	1
1962		-37.8	-72.5	
1962		36	9	
1962		8.008	-82.757	
1962		40.9	19.5	15
1962		23.72	114.67	1
1962		33.6	59	5
1962		38.073	142.741	
1962		-10	-79	9
1962		23.6	106.1	
1962		42.2	143.9	
1962		45	5.6	
1962		38.8	140.9	1
1962		17.2	-99.6	4
1962		17.2	-99.5	3
1962		37.1	96	
1962		41.8	142.4	
1962		39.8	25	
1962		43.6	18.3	
1962		25.2	101.2	
1962		7.5	-82	
1962		5.2	-76.4	47
1962		44.68	81.58	
1962		41.4	15.5	16
1962		37.8	22.9	1
1962	UT	41.8	-111.8	
1962		35.63	49.87	12225
1962		39.9	43.9	1
1962		39.6	23.3	
1962		35.1	58.7	6
1962		28.1	55.6	
1962		38.12	106.27	
1962	AK	52.47	-168.54	
1963		36.9	57.8	4
1963		24.5	122.1	15
1963		32.6	21	300
1963		34.4	47.9	100
1963		40.8	15.6	
1963		37	57.9	4
1963		35.7	97	
1963		25.8	99.5	
1963		12.2	-86.9	
1963		-8.2	115.6	
1963		46.1	14.8	
1963		47.9	130.6	
1963		33.2	49.2	
1963		42.1	21.3	1070
1963		28.2	55.7	5
1963		-13.8	-69.3	
1963		39.8	74.2	1
1963		33.9	74.8	80
1963		-10.472	165.77	
1963		-10.286	165.413	
1963		40.75	29	1
1963		-10.385	-78.022	1
1963		44.426	149.272	
1963		44.77	149.798	
1963		44.772	150.563	
1963		-6.86	129.58	
1963		-6.4	105.4	
1963		-24.8	-176.6	
1964		-3.7	119.4	8
1964		23.2	120.6	107
1964		26.1	101	
1964		38.8	-28.4	
1964	AK	61.017	-147.648	15
1964		5.9	95.7	
1964		45.3	18.1	3
1964		-4	34.9	1
1964		40.3	139	
1964		40.4	139	
1964		38.1	38.3	8
1964		38.65	139.2	26
1964		-15.5	166.5	
1964		18.3	-100.4	78
1964		47.159	153.876	
1964		35.1	111.6	
1964		40.3	28.2	19
1964		-5.7	150.7	
1964		40.4	138.9	
1964		27	54	
1965		35.7	4.4	4
1965		35	111.63	
1965		-2.4	126.1	71
1965	AK	51.29	178.55	
1965		37.6	47.1	20
1965		-25.67	-70.63	
1965		39.4	24	38
1965		36.3	70.7	
1965		-31.81	-71.26	
1965		-32.4	-71.2	400
1965	AK	50.32	177.93	
1965		38.6	22.4	6
1965		37.7	21.8	32
1965		34.9	138	1
1965	WA	47.4	-122.3	7
1965		13.5	-89.3	125
1965		44.7	148.7	
1965		28.1	55.9	
1965	AK	53.03	-167.55	
1965		22.4	101.6	
1965		38.267	22.3	1
1965		-15.8	167.2	
1965		-15.9	166.8	
1965		16.3	-95.8	6
1965		-42.9	-75.13	
1965		43.9	87.8	
1966		27.9	99.7	
1966		39.2	22	1
1966		26.1	103.1	
1966		26.1	103.1	
1966		37.47	115.03	
1966		39.1	41.6	10
1966		37.35	114.92	
1966		24.1	122.6	7
1966		37.27	114.97	
1966		0.6	30.2	140
1966		37.5	115.1	
1966		37.68	115.27	
1966		37.25	114.78	
1966		41.2	69.1	10
1966		38	42.6	
1966		-10.343	160.883	
1966		29.554	80.854	80
1966		38.5	41.3	14
1966		38.9	41.3	12
1966		44.75	37	
1966		28.7	78.9	15
1966		39.2	41.6	2394
1966		37.5	22.1	1
1966		4.6	-73.9	6
1966		24	97.7	
1966		10.8	-69.5	
1966		27.5	100.1	
1966		43.83	125.12	
1966		-10.748	-78.638	110
1966		39.2	21.2	1
1966		-25.5	-70.7	3
1966		-11.893	166.445	
1966		-12.334	166.684	
1967		38.4	22	
1967		48.1	102.8	
1967		30.2	104.1	
1967		40	20.2	
1967		2.9	-74.9	98
1967		-9.2	113.1	54
1967		45.53	151.11	
1967		38.5	116.5	
1967		-3.7	119.3	58
1967		5.5	97.3	14
1967		39.5	21.2	9
1967		35.5	-0.1	10
1967		40.7	30.8	86
1967		39.5	40.4	97
1967		6.8	-73	20
1967		10.6	-67.3	300
1967		43.2	-0.5	1
1967		-4.4	152.5	
1967		31.6	100.3	
1967		-10.6	-79.8	
1967		24.5	122.2	2
1967		-28.78	-71.19	
1967		41.5	20.5	18
1967		37.717	115.217	
1967		17.7	73.9	180
1967		36.467	111.217	
1967		-21.7	-69.5	1
1968		12.1	-86.2	
1968		37.9	13.1	216
1968		37.8	13.2	8
1968		43.586	146.701	
1968		-5.5	153.2	
1968		39.368	24.957	20
1968		32	130.6	3
1968		36.08	5.07	1
1968		37.7	-29.4	
1968		-0.6	34.4	1
1968		32.3	132.5	1
1968		44.08	8	
1968		39.2	44.3	38
1968		39.3	44.4	
1968		40.8	143.2	52
1968		41.5	142.7	
1968		-41.7	172	3
1968		-2.9	139.3	
1968		39.1	46.1	
1968		39.4	143.1	
1968		-5.6	-77.2	15
1968		29.8	51.2	
1968		-30.8	-178.4	
1968		16.5	122.2	270
1968		16.5	-97.8	18
1968		33.3	132.2	
1968		1.4	126.2	
1968		0.2	119.8	
1968		34	59	10488
1968		39.1	46.2	
1968		34	58.2	700
1968		41.8	32.3	24
1968		33.9	58.2	
1968		10.5	-62.6	3
1968		39.2	40.1	2
1968		15.5	-92.7	20
1968		26.3	140.6	
1968		-31.6	117	
1968		-3.4	143.3	
1968		42.1	19.3	1
1969		37.1	57.9	50
1969		-7.9	158.9	
1969		45	143.2	
1969		4.8	127.4	
1969		41.45	79.367	4
1969		-3.1	118.9	64
1969		36.017	-10.95	13
1969		39.2	28.5	
1969		38.6	28.4	53
1969		11.9	41.21	40
1969		27.7	34	2
1969		40.7	19.8	1
1969		32.2	132.1	
1969		39.2	28.6	
1969		38.2	119.4	
1969		-11.9	-75.1	
1969		22.317	111.8	3000
1969		-6.6	146.9	
1969		43.2	12.4	
1969		43.6	147.9	
1969		39.7	74.8	
1969		-32.9	19.7	12
1969		-11.7	-75.1	150
1969	CA	38.467	-122.692	1
1969		-33.1	19.6	
1969		44.9	17.3	14
1969		44.9	17.2	9
1969		2.1	94.6	
1969		57.7	163.6	
1969		-0.8	-78.3	
1969		15.8	-59.7	
1970		24.1	102.5	10000
1970		6.8	126.7	
1970		12.6	122.1	3
1970		-9.9	-75.6	12
1970	AK	57.5	-153.9	
1970		38.6	44.7	5
1970		21.7	73	26
1970		39.2	29.5	1086
1970		15.78	121.71	15
1970		39.1	28.7	
1970		43	47	
1970		43	47.1	
1970		-9.2	-78.8	66794
1970		42.5	78.8	
1970	TAS	-59.1	157.8	
1970		-52	-73.8	
1970		-22.28	-70.55	
1970		51.8	-131	
1970		38.8	36.7	1
1970		32.2	131.7	
1970		37.8	55.9	220
1970		-1.5	-72.6	1
1970		-14.095	166.57	
1970		44	16	
1970		6.2	-77.6	
1970		-44.64	173.62	
1970		20.6	122	
1970		-4.907	145.471	15
1970		-20.94	-69.81	
1970		43.84	39.34	
1970		-4	-80.7	82
1971		-3.1	139.7	
1971		0.6	98.8	
1971		42.5	11.8	24
1971	CA	34.412	-118.4	65
1971		36.6	55.6	1
1971		29.8	51.9	
1971		28.3	55.6	1
1971	AK	51.4	-177.2	
1971		37.6	29.8	100
1971		38.8	40.5	1000
1971		18	-69.8	
1971		-7.2	109.1	1
1971		-25.5	-69.2	1
1971		-32.5	-71.2	83
1971		-5.5	153.9	2
1971		44.8	10.3	2
1971		-4.9	153.2	
1971		-2.7	-77.4	1
1971		41.4	143.5	
1971		36.3	52.7	1
1971		28.9	103.7	
1971		30	50.7	
1971		46.5	141.2	
1971		46.7	141.4	
1971		46.4	141.2	
1971		46.3	140.9	
1971		-6.5	146.6	
1971		46.4	141.1	
1971		-14.1	-73.3	5
1971		-15.5	167.2	1
1971	AK	51.5	179.1	
1971		52.9	159.2	
1971		56	163.3	
1972		22.6	122.1	
1972		22.5	122.3	1
1972		23	122.2	
1972		43.8	13.3	1
1972		29.7	50.9	
1972		33.3	140.8	
1972		-6.8	-76.8	7
1972		28.4	52.8	30000
1972		23.6	121.6	4
1972		13.4	120.3	
1972		-30.5	-71.8	
1972		3.9	124.3	
1972		43.8	13.3	2
1972		36.2	69.7	11
1972		30.1	50.8	
1972	AK	56.82	-135.68	
1972		-6	152.9	
1972		36	73.4	100
1972		46	-1.1	
1972		37.9	22.4	
1972		38.3	20.3	
1972		-20	168.8	
1972		6.5	126.6	
1972		33.3	140.7	
1972		12.4	-86.1	10000
1972		-30.6	-71	
1973		18.48	-103	56
1973		31.4	100.58	
1973		-39.58	176.57	
1973	CA	34.1	-119	
1973		28.58	52.62	
1973		50.5	156.6	
1973		-34.13	150.27	
1973		13.4	122.8	15
1973		11.66	43.03	
1973		10.679	-84.759	26
1973		4.956	-78.144	1
1973	HI	19.936	-155.098	
1973		43.2	145.8	
1973		43.3	146.4	
1973		43.2	146.6	
1973		35.18	86.48	
1973		37.66	15.167	
1973		18.27	-96.6	600
1973		-32.5	-71.5	
1973		-60.82	-21.55	
1973		38.9	20.44	
1973		30.57	52.89	1
1973		38.46	-28.31	1
1973		35.18	23.8	
1973		-14.46	166.6	
1973		-15.12	166.9	
1974		-12.3	-76.35	10
1974		-7.5	155.9	
1974		38.6	27	2
1974		-7.4	155.6	
1974		6.89	-72.93	3
1974		31.6	119.2	
1974		34.5	138.7	30
1974		28.24	104.01	20000
1974		10.56	-63.38	5
1974		44.97	15.53	
1974		-22.124	-64.638	
1974		45.14	94.03	
1974		7.75	-77.69	11
1974		36	139.82	2
1974		-38.5	-73.4	
1974		-0.28	12.92	
1974		43.2	146.7	
1974		-12.27	-77.79	78
1974		17.3	-62	
1974		28	55.8	
1974		35.1	72.9	5300
1975		42.89	46.99	
1975		-5	130	
1975		32.46	78.43	47
1975		33	131.1	
1975	AK	53.11	173.5	
1975		40.64	122.58	300
1975		-6.7	106.7	1
1975		27.5	56.26	7
1975		-29.9	-71.3	2
1975		40.42	26.14	
1975	ID	42.06	-112.55	
1975		10.04	-69.75	3
1975		33.19	131.3	
1975		-38.18	-73.23	
1975		35.997	-17.649	
1975		43.024	147.734	
1975		21.49	94.7	1
1975		36.32	5.241	1
1975		-6.59	155.054	
1975		-7.104	155.152	
1975	CA	39.439	-121.528	
1975		38.474	40.723	2311
1975		31.599	51.037	2
1975		-24.894	-175.119	
1975		12.54	125.993	1
1975	GU	13.843	144.754	
1975	HI	19.451	-155.033	
1975		-18.672	178.464	
1975		-16.265	-172.467	
1975		38.628	21.798	1
1976		66.16	-16.58	
1976		-29.208	-177.886	
1976		-28.427	-177.657	
1976		44.915	149.123	
1976		15.324	-89.101	23000
1976		14.767	-91.061	4
1976		36.61	67.79	50
1976		41.13	43.01	1
1976		40.31	63.77	
1976		0.78	-79.8	10
1976		40.89	42.85	4
1976		46.356	13.275	978
1976		40.38	63.47	
1976		24.57	98.953	
1976		24.531	98.71	
1976		17.4	-100.64	
1976		-4.603	140.091	6000
1976		-8.17	114.888	573
1976		4.96	118.31	
1976		39.57	117.98	242769
1976		39.664	118.401	
1976		6.292	124.09	1200
1976		7.249	122.939	
1976		37.7	28.89	4
1976		46.28	13.157	5
1976		46.302	13.197	11
1976		46.32	13.13	2
1976		-4.517	139.918	133
1976		33.8	59.15	17
1976		39.12	44.03	5000
1976		36.51	71.04	
1976		-20.52	-68.92	1
1976		-27.953	26.653	4
1976		39	44	1
1977		-8.22	115.19	
1977		40.04	70.85	
1977		45.777	26.703	1641
1977		0.45	100.02	
1977		16.77	122.33	1
1977		27.61	56.39	167
1977		38.56	40.02	30
1977		-16.696	-172.095	
1977		31.98	50.68	366
1977		-9.828	160.323	34
1977		-9.89	160.348	
1977		-9.844	160.822	
1977		-9.965	160.731	18
1977		38.934	44.38	3
1977		39	44	6
1977		-22.878	-175.9	1
1977		46.29	14.29	
1977		-11.085	118.464	
1977		-1.081	146.23	
1977		7.34	-76.3	3
1977		-25.856	-175.406	
1977		42.11	23.97	
1977		36.73	55.04	
1977		-31.03	-67.77	70
1977		30.95	56.47	584
1978		34.809	139.259	25
1978		-30.68	-177.36	
1978		39.69	39.79	
1978		38.78	141.95	
1978		38.1	16.03	2
1978		29.926	66.302	1
1978		17.03	-99.74	1
1978		44.026	149.002	
1978		44.14	149.029	
1978		44.209	148.971	
1978		44.932	148.439	
1978		44.244	148.862	
1978		42.839	78.606	
1978		43.269	20.919	
1978		38.391	15.066	5
1978		40.759	23.268	
1978		35.1	132.6	
1978		38.19	142.028	28
1978		8.249	122.403	
1978		40.739	23.229	50
1978				
1978		22.282	121.512	
1978		14.843	-91.022	17
1978		-26.51	-70.54	
1978	CA	34.35	-119.7	
1978		36.63	-6.871	
1978		48.29	9.01	
1978		33.386	57.434	20000
1978		39.35	72.61	
1978		16.01	-96.591	9
1978		44.592	146.581	
1978		32.14	49.65	76
1978		23.247	122.075	2
1979		33.897	59.472	200
1979		-16.39	-72.658	18
1979		40.232	143.703	
1979	AK	60.691	-141.671	
1979		17.813	-101.276	5
1979		41.956	19.023	
1979		42.096	19.209	131
1979		34.53	24.437	
1979		-8.299	115.934	
1979		42.255	18.752	
1979		-8.207	115.949	22
1979		-30.812	117.179	
1979		-4.98	145.577	
1979		8.316	-82.943	
1979		31.452	119.241	42
1979		39.672	28.66	
1979		41.145	108.129	
1979		-1.679	136.04	15
1979		42.812	13.061	5
1979		14.321	-90.082	
1979		-46.675	165.707	
1979	CA	32.634	-115.324	
1979		-8.254	115.847	2
1979		13.833	-90.881	4
1979		-7.656	108.252	30
1979		39.536	20.398	1
1979		33.918	59.741	350
1979		-16.76	-179.984	
1979		4.805	-76.217	72
1979		33.962	59.726	17
1979		34.033	59.817	
1979		1.598	-79.358	600
1979		-3.299	102.712	8
1979		-8.39	115.889	27
1980		38.815	-27.78	69
1980	CA	37.855	-121.816	
1980		43.53	146.753	
1980		-8.082	108.793	
1980		40.459	15.855	
1980		14.716	-91.317	
1980	WA	46.214	-122.194	
1980		43.294	20.837	
1980	CA	37.6	-118.84	
1980		32.22	-114.985	1
1980		34.808	139.181	
1980		-12.41	166.381	
1980		39.269	23.041	1
1980		40.113	70.596	
1980		39.203	22.729	1
1980		-12.525	165.916	
1980		37.19	50.201	1
1980	KY	38.174	-83.907	
1980		29.598	81.092	200
1980		15.888	-88.516	2
1980		-1.948	-80.017	8
1980		32.913	75.633	15
1980		32.834	75.629	
1980		35.45	139.964	2
1980		-39.542	176.478	
1980		36.195	1.354	5000
1980		18.211	-98.24	300
1980	CA	41.117	-124.253	5
1980		-13.347	-74.545	7
1980		40.914	15.366	4689
1980		8.045	-72.441	
1980		34.587	50.652	26
1980		34.503	50.59	3
1981		38.64	142.75	
1981		-4.576	139.232	305
1981		30.927	101.098	150
1981		41.051	14.601	12
1981		38.222	22.934	22
1981		38.209	23.288	1
1981		39.481	20.699	2
1981		-13.144	-74.376	8
1981	CA	33.133	-115.65	
1981		-48.786	164.357	
1981		29.913	57.715	3000
1981		-13.166	-74.522	10
1981		30.013	57.794	3000
1981		44.849	17.312	
1981		-14.96	-173.085	
1981		35.693	73.594	220
1981		-33.134	-73.074	1
1981		8.117	-72.527	15
1981		18.048	-102.084	9
1981		23.686	32.604	
1981		29.856	66.962	6
1981		39.243	25.227	
1982		13.752	124.358	
1982		46.975	-66.659	
1982		13.158	-87.589	
1982		6.946	94.002	
1982		-6.863	106.936	
1982		4.374	97.755	
1982		-9.265	118.479	
1982		42.158	142.361	110
1982		17.25	-93.21	10
1982		-12.69	-76.065	3
1982		36.785	105.55	
1982		16.558	-98.358	9
1982		31.907	99.931	10
1982		13.313	-89.339	43
1982		36.194	141.702	
1982		-12.597	165.931	
1982		-8.375	120.577	
1982		14.487	-89.121	3
1982		43.164	12.586	
1982		40.883	19.59	1
1982		14.701	44.379	2800
1982		36.148	69.011	500
1982		-24.133	-175.864	
1982		-8.405	123.08	13
1982		33.826	139.434	
1983		38.026	20.228	
1983		16.147	-95.232	
1983		39.945	75.135	
1983		41.959	21.54	12
1983		38.841	70.727	
1983		-4.056	127.924	
1983		-4.883	153.581	
1983		38.294	20.262	
1983		35.953	52.264	30
1983		2.461	-76.686	350
1983		39.042	48.714	
1983		8.717	-83.123	6
1983		5.723	94.722	
1983		40.025	75.26	
1983		-4.843	-78.103	10
1983		14.926	99.023	
1983	CA	36.219	-120.317	
1983		40.462	139.102	4
1983		40.249	138.948	
1983		41.346	139.099	
1983		9.652	-83.688	2
1983		40.324	27.222	5
1983	AK	61.031	-147.286	
1983		36.948	49.18	3
1983		30.349	67.84	
1983		40.142	24.766	
1983		35.5	139.07	1
1983		55.867	161.287	
1983		18.231	120.86	16
1983		43.246	20.859	
1983		33.941	139.513	
1983		-26.535	-70.563	5
1983		1.084	121.052	
1983		1.131	120.858	2
1983	ID	43.974	-113.916	2
1983		40.33	42.187	1342
1983		35.464	133.899	
1983		35.206	115.213	34
1983		50.696	5.346	2
1983		44.689	10.317	
1983	HI	19.43	-155.454	
1983		-6.852	72.11	
1983		-5.392	151.868	10
1983		11.866	-13.529	443
1983		36.372	70.738	26
1984		-2.823	118.806	2
1984		34.616	70.484	1
1984		-10.012	160.469	
1984		38.396	22.094	
1984		36.431	70.826	4
1984		40.32	63.35	
1984		44.117	148.192	
1984		-4.647	145.805	
1984	CA	37.32	-121.698	
1984		43.26	12.558	3
1984		41.765	13.898	3
1984		41.831	13.961	3
1984		42.967	17.734	1
1984		31.448	140.036	
1984		17.984	-69.338	5
1984		52.878	-4.198	
1984		32.386	131.945	20
1984		1.761	99.075	
1984		43.314	20.957	
1984		35.789	137.488	29
1984		40.885	42.219	3
1984		34.006	141.5	
1984		37.013	21.757	
1984		40.545	42.403	3
1984	WY	42.375	-105.72	
1984		39.155	71.328	
1984		56.2	163.4	
1984		24.641	92.891	20
1985		-33.053	-68.467	6
1985		28.399	52.997	1
1985		-33.132	-71.708	180
1985		17.013	-62.448	
1985		-32.663	-71.551	1
1985		7.758	123.544	2
1985		-34.131	-71.618	2
1985		-9.245	114.185	
1985		25.926	102.871	23
1985		16.498	120.815	6
1985		39.266	22.81	
1985		-5.599	151.045	1
1985		-4.439	152.828	
1985		36.19	70.896	5
1985		-9.159	-78.887	
1985		39.431	75.224	71
1985		-4.13	136.049	10
1985		18.19	-102.533	9500
1985		17.802	-101.647	
1985		-9.829	159.854	
1985		41.581	22.254	
1985		15.299	-90.863	
1985		40.301	69.823	29
1985		36.46	6.761	6
1985		40.31	42.307	
1985		-1.639	134.911	
1985		-13.987	166.185	
1985		11.725	-85.838	
1985		-13.966	166.516	
1985		37.688	15.068	1
1986		-9.505	-77.512	1
1986		-3.904	103.461	
1986		15.075	-92.072	
1986		-13.41	-71.785	16
1986		32.128	76.374	6
1986		37.993	37.806	15
1986	AK	51.52	-174.776	
1986		41.431	43.737	2
1986		29.627	69.363	
1986	AK	52.327	-174.504	
1986		24.125	121.619	1
1986		10.597	-62.928	2
1986		-4.448	143.943	
1986	CA	34	-116.61	
1986		29.962	51.582	1
1986	CA	32.97	-117.869	
1986		10.77	-69.428	1
1986	CA	37.537	-118.447	
1986		37.2	37.3	
1986		45.547	26.316	2
1986		37.014	22.176	20
1986		36.93	22.175	
1986		-30.546	28.737	
1986		13.827	-89.118	1100
1986		37.931	28.574	
1986		27.727	66.65	
1986		-28.117	-176.367	
1986		23.901	121.574	15
1986		44.12	16.339	
1986		-5.494	-35.769	1
1986		43.274	25.912	3
1986		-33.071	-72.084	
1986		29.985	51.623	
1987		41.964	81.319	
1987		41.529	79.318	
1987		35.964	1.374	1
1987		36.988	141.689	
1987		-6.088	147.689	3
1987		-37.965	176.765	1
1987		-24.388	-70.161	1
1987		0.083	-77.785	5000
1987		32.034	131.837	2
1987		37.447	137.865	
1987		16.066	120.301	
1987		2.244	98.866	2
1987		8.047	125.41	1
1987		34.076	48.266	2
1987		-10.717	162.33	
1987		-14.074	167.828	
1987		24.924	115.608	
1987		-19.022	-69.991	5
1987		-17.897	-70.931	1
1987	TAS	-58.893	158.513	
1987		43.242	13.874	
1987		-0.978	-78.05	2
1987	CA	34.061	-118.078	8
1987		-8.143	-77.954	3
1987	CA	34.07	-118.1	1
1987		-17.94	-172.225	
1987		-7.288	154.371	
1987		-6.266	149.06	
1987	AK	58.586	-143.27	
1987	CA	33.082	-115.775	2
1987		-8.247	124.155	125
1987	AK	58.679	-142.786	
1987		35.362	140.214	2
1988		38.111	106.336	
1988		41.246	19.63	
1988		-19.847	133.803	
1988		-19.829	133.882	
1988		-24.753	-70.433	
1988		24.688	91.57	2
1988	AK	57.262	-142.747	
1988		30.89	50.194	
1988		12.376	121.067	2
1988		18.606	121.013	
1988		-5.964	148.78	
1988		23.902	121.598	1
1988		25.149	95.127	38
1988		-10.258	160.896	
1988		29.974	51.679	1
1988		26.755	86.616	1091
1988		-6.06	146.23	74
1988		37.18	71.811	
1988		37.938	20.932	
1988		36.443	2.759	
1988		13.881	-90.45	5
1988	PR	19.08	-67.256	
1988		22.789	99.611	738
1988		23.181	99.439	
1988		21.23	108.545	
1988		18.068	-76.597	
1988		12.399	124.537	
1988		37.938	-26.142	
1988		48.117	-71.183	
1988		40.987	44.185	25000
1989		38.465	68.694	274
1989		1.031	126.189	
1989		40.027	41.816	
1989		-4.346	152.797	1
1989		-13.702	34.42	9
1989		29.987	99.195	11
1989		16.773	-99.328	3
1989		29.964	51.655	
1989		11.038	-68.27	
1989		23.553	99.526	1
1989	TAS	-52.341	160.568	
1989		30.167	50.921	114
1989		21.861	89.763	1
1989		1.134	-79.616	
1989	HI	19.362	-155.083	
1989		39.112	-28.242	
1989		34.942	139.193	
1989		-8.081	125.129	
1989		-4.511	139.022	120
1989		43.522	45.362	1
1989		11.766	41.942	2
1989		-4.219	136.667	
1989	AK	55.543	-156.835	
1989		31.583	102.433	1
1989		30.96	51.421	
1989	CA	37.036	-121.883	62
1989		39.893	113.884	29
1989		39.571	143.333	
1989		36.788	2.448	30
1989	PR	18.986	-68.833	
1989		39.837	142.76	
1989		29.882	106.804	4
1989		29.892	57.718	3
1989		8.337	126.729	2
1989		-32.967	151.619	12
1990		9.755	124.694	
1990		34.706	139.252	
1990	CA	34.14	-117.7	
1990		-22.122	175.163	
1990		28.925	66.331	11
1990		9.919	-84.808	
1990		37.034	72.942	
1990		9.253	125.606	1
1990		52.314	-2.985	
1990	MP	15.125	147.596	
1990		39.436	74.9	
1990		1.186	122.857	3
1990		31.107	51.678	
1990		35.986	100.245	126
1990		40.775	15.766	2
1990		-40.296	176.064	
1990		5.121	32.145	31
1990		5.358	31.848	
1990		-6.016	-77.229	200
1990		45.841	26.668	14
1990		45.811	26.769	
1990		9.855	-84.327	
1990		-6.062	-77.136	1
1990		11.76	121.899	4
1990		47.869	85.076	1
1990		27.398	65.719	
1990		36.957	49.409	50000
1990		36.636	49.799	20
1990		-6.904	108.12	
1990		36.415	70.789	43
1990		15.679	121.172	2412
1990		36.99	29.595	
1990		-15.355	167.464	
1990		47.963	84.961	
1990		-0.059	-78.449	4
1990		33.267	138.643	
1990		-28.014	26.727	2
1990		47.903	84.961	
1990		-26.39	27.349	10
1990		37.093	103.781	7
1990		35.121	70.486	11
1990		28.251	55.462	22
1990		3.908	97.457	1
1990		43.853	16.633	
1990		40.854	73.553	
1990		37.3	15.438	19
1990		23.916	121.636	2
1990		23.722	121.627	
1990		41.004	22.3	1
1990		9.869	-84.302	2
1990		-5.097	150.967	
1991		23.613	95.901	
1991		35.993	70.423	848
1991		-9.929	159.139	
1991		44.885	6.76	9
1991		48.268	154.328	
1991	AK	58.427	-175.45	
1991		40.386	78.959	
1991		39.887	113.923	
1991		-6.038	-77.13	
1991		-5.982	-77.094	53
1991		37.457	68.273	
1991		36.416	70.912	
1991		9.685	-83.073	87
1991		39.597	41.118	1
1991		42.453	43.673	270
1991		9.542	-82.418	
1991		42.565	43.349	
1991		5.865	116.746	1
1991		42.461	44.009	8
1991		15.119	120.355	
1991		39.984	42.875	
1991		1.196	122.787	
1991	CA	34.262	-118.002	2
1991		-8.099	124.681	28
1991		45.364	21.057	2
1991		44.888	22.407	
1991		-15.679	-71.574	92
1991		36.52	44.066	20
1991		9.737	-84.054	
1991		10.045	-69.948	
1991	CA	40.235	-124.348	
1991		-40.25	175.053	
1991		14.646	-90.986	25
1991		-9.094	158.442	
1991		30.78	78.774	2000
1991		30.666	50.218	
1991		26.323	70.607	
1991		4.554	-77.442	2
1991		13.887	44.068	11
1991		36.924	49.603	1
1991		45.498	21.115	
1991		45.533	151.021	
1992		18	108	
1992		35.106	139.644	
1992		-7.138	109.067	
1992		31.726	50.778	6
1992		39.71	39.605	653
1992		51.153	5.798	1
1992	CA	33.961	-116.318	
1992	CA	40.368	-124.316	
1992		41.019	72.429	4
1992		7.191	126.762	
1992		33.377	71.317	36
1992		19.613	-77.872	
1992		-11.122	165.239	
1992	CA	34.201	-116.436	3
1992	CA	34.203	-116.827	
1992	NV	36.705	-116.293	
1992		39.419	143.33	
1992		32.536	141.641	
1992		42.142	73.575	75
1992		29.087	66.74	4
1992		11.727	-87.386	
1992		29.134	52.187	1
1992		-6.087	26.651	8
1992		29.778	31.144	545
1992		6.845	-76.806	
1992		7.075	-76.862	11
1992		-8.48	121.896	1000
1993		43.3	143.691	2
1993		23.027	101.062	
1993		32.104	60.088	
1993		37.634	137.245	
1993		-14.385	-178.252	5
1993		29.084	87.333	2
1993	WA	45.035	-122.607	
1993		30.692	50.886	
1993		-11.652	-76.53	6
1993		51.218	157.829	
1993		-28.886	-176.819	
1993		30.149	50.814	24
1993		9.821	-83.622	2
1993		42.851	139.197	23
1993		38.224	21.756	
1993		15.385	31.69	2
1993		41.985	139.839	
1993	GU	12.982	144.801	
1993		14.717	-92.645	1
1993	OR	42.314	-122.012	2
1993		18.066	76.451	11000
1993		-5.889	146.02	60
1993		28.723	82.28	
1993		18.12	76.533	
1993		51.934	158.647	
1993		39.263	75.533	
1994		36.028	100.104	
1994	PA	40.33	-76.037	
1994	CA	34.213	-118.537	60
1994		1.015	127.733	9
1994	WY	42.762	-110.976	
1994		0.593	30.037	7
1994		-4.967	104.302	207
1994		30.853	60.596	6
1994		29.096	52.617	2
1994		19.803	-72.799	4
1994		-18.039	-178.413	
1994		40.608	143.683	
1994		36.901	67.163	160
1994		23.959	122.448	
1994		-10.477	112.835	
1994		-10.362	112.892	
1994		-10.777	113.366	
1994		24.511	121.905	1
1994		-10.341	113.369	
1994		2.917	-76.057	650
1994		-13.841	-67.553	5
1994		-42.963	171.658	
1994		28.968	52.614	3
1994		35.52	-0.106	171
1994	CA	40.402	-125.68	
1994		43.773	147.321	11
1994		-1.258	127.98	1
1994		43.905	147.916	
1994		13.525	121.067	81
1994	CA	40.741	-124.31	
1994		40.525	143.419	3
1994		20.524	109.33	
1995		34.583	135.018	5502
1995		5.05	-72.916	7
1995		-37.759	178.752	
1995		4.104	-76.622	45
1995		35.046	32.279	2
1995		-4.183	135.109	
1995		37.925	139.186	
1995		-15.199	-173.529	
1995		12.059	125.58	
1995		12.047	125.92	
1995		40.149	21.695	
1995		-8.452	125.049	
1995		-23.008	169.9	
1995		52.629	142.827	1989
1995		38.401	22.283	26
1995		21.966	99.196	11
1995		36.427	103.123	14
1995		-23.34	-70.294	3
1995		-5.799	154.178	
1995		16.779	-98.597	3
1995		38.063	30.134	95
1995		-2.75	-77.881	2
1995	AK	65.17	-148.565	
1995		-2.045	101.436	84
1995		19.055	-104.205	49
1995		27.929	130.175	
1995		28.094	130.148	
1995		26.003	102.227	81
1995		-28.906	-71.417	
1995		28.826	34.799	12
1995		44.663	149.3	
1996		0.729	119.931	
1996		27.291	100.276	322
1996		-0.891	136.952	54
1996		-9.593	-79.587	
1996		15.978	-98.07	
1996		39.993	76.696	24
1996		-1.036	-78.737	27
1996		-6.518	154.999	1
1996		40.774	109.661	23
1996	AK	51.564	-177.632	
1996	AK	51.478	-176.847	
1996		31.555	139.931	
1996		-22.118	-113.436	
1996		42.803	17.936	
1996		21.898	121.498	
1996		30.568	131.093	
1996		31.885	131.468	
1996		-14.993	-75.675	14
1996		31.789	131.314	
1997		41.026	74.284	
1997		18.219	-102.756	1
1997		40.956	19.672	
1997		39.474	76.998	12
1997		37.661	57.291	88
1997		29.976	68.208	60
1997		38.075	48.05	1100
1997		39.422	76.839	2
1997		34.872	71.62	15
1997		31.92	130.429	
1997		39.513	76.865	
1997		39.537	76.998	
1997		39.527	76.941	9
1997		-12.584	166.676	
1997		11.112	-60.892	
1997	GU	13.986	144.901	
1997		33.825	59.809	1728
1997		36.411	70.945	1
1997		23.083	80.041	56
1997		33.938	59.475	
1997		10.598	-63.486	81
1997		-26.857	26.619	15
1997		4.358	96.494	
1997		43.048	12.879	
1997		43.084	12.812	14
1997		-3.776	119.727	20
1997		31.959	141.878	
1997		-22.101	-176.772	
1997		-30.933	-71.22	8
1997		35.069	87.325	
1997		37.57	20.656	
1997		22.212	92.702	23
1997		1.241	122.536	
1997		54.841	162.035	
1998		41.083	114.5	70
1998		14.374	-91.473	
1998		15.883	-96.298	
1998		37.075	70.089	2323
1998		36.479	71.086	1
1998		30.154	57.605	5
1998		39.977	76.731	
1998		-62.877	149.527	
1998		43.164	12.701	
1998		32.457	59.976	12
1998		46.245	13.652	1
1998		22.306	125.308	
1998		-17.731	-65.431	105
1998		37.388	78.843	
1998		37.106	70.11	4700
1998		36.878	35.307	145
1998		38.65	-28.626	10
1998		38.717	48.507	
1998		23.407	120.736	5
1998		-2.943	142.582	
1998		-0.593	-80.393	3
1998		39.66	77.343	3
1998		-8.194	112.413	1
1998		44.209	20.08	1
1998		41.925	20.39	
1998		33.199	47.225	
1998		27.791	53.608	5
1998		27.308	101.029	5
1998		-2.071	124.891	41
1998		26.373	104.021	
1999		4.461	-75.724	1185
1999		42.962	46.954	
1999		38.193	-1.566	
1999		34.259	69.364	70
1999		28.343	57.193	1
1999		41.131	114.658	
1999		30.512	79.403	100
1999		-16.66	-72.662	1
1999		29.501	51.88	26
1999		40.802	47.448	1
1999		18.386	-97.436	20
1999		18.324	-101.539	
1999		15.782	-88.33	2
1999		21.544	91.895	6
1999		40.76	29.97	17118
1999		40.711	29.949	1
1999		38.119	23.605	143
1999		40.709	30.045	7
1999		23.772	120.982	2297
1999		23.738	121.158	
1999		16.059	-96.931	35
1999	CA	34.594	-116.271	
1999		23.445	120.506	1
1999		-13.64	-74.43	
1999		39.899	113.983	
1999		40.744	30.266	2
1999		40.758	31.161	894
1999		24.589	102.872	1
1999		36.92	54.9	
1999		-16.423	168.214	5
1999		40.459	122.889	
1999		40.358	42.346	1
1999		15.766	119.74	5
1999		-6.845	105.555	5
1999		35.321	-1.281	24
2000		22.132	92.771	
2000		40.498	122.994	
2000		25.607	101.063	5
2000		35.288	58.218	1
2000		-26.288	30.888	
2000		22.338	143.73	
2000		34.22	25.69	
2000		-1.105	123.573	46
2000		38.164	38.777	
2000		24.223	121.058	3
2000		-4.721	102.087	103
2000		40.693	32.992	2
2000		26.856	97.238	
2000		-4.612	101.905	1
2000		23.843	121.225	2
2000		63.966	-20.487	
2000		-13.802	97.453	
2000		63.98	-20.758	
2000		34.221	139.131	1
2000		11.884	-85.988	7
2000		-6.675	106.845	
2000		34.319	139.26	
2000		20.253	122.043	
2000		33.901	139.376	
2000		48.786	142.246	
2000		25.826	102.194	1
2000	CA	38.379	-122.413	
2000		-7.977	30.709	
2000		35.456	133.134	
2000		37.542	69.582	
2000		7.042	-77.829	
2000		-3.98	152.169	2
2000		-5.233	153.102	
2000		-5.496	151.781	
2000		40.245	49.946	31
2000		39.566	54.799	11
2000		38.457	31.351	6
2001		6.898	126.579	
2001		13.049	-88.66	844
2001		23.419	70.232	20005
2001		13.671	-88.938	315
2001		29.513	101.129	3
2001	WA	47.149	-122.727	1
2001		34.083	132.526	2
2001		13.605	-88.795	1
2001		27.689	101.003	2
2001		35.169	69.389	4
2001		-16.265	-73.641	77
2001		37.238	36.206	
2001		-16.086	-73.987	
2001		-17.543	-72.077	1
2001		24.455	102.66	
2001		39.059	24.244	
2001		-14.258	-72.683	4
2001	CA	34.059	-118.387	
2001	BC	52.63	-132.2	
2001	GU	12.686	144.98	
2001		-4.102	123.907	
2001		26.316	100.648	1
2001		35.946	90.541	
2001		23.954	122.734	
2001		23.632	90.376	
2002		-17.6	167.856	
2002		38.673	69.902	3
2002		-3.212	142.427	1
2002		-19.384	-69.231	
2002		-1.684	29.077	
2002		18.194	-95.908	
2002		38.573	31.271	44
2002		38.773	69.924	
2002		28.093	51.755	1
2002		32.319	-115.322	
2002		36.502	70.482	166
2002		6.033	124.249	15
2002		36.062	69.315	1000
2002		23.346	124.09	
2002		24.279	122.179	5
2002		-29.67	-71.384	
2002		39.959	69.417	50
2002		-27.535	-70.586	
2002	NY	44.513	-73.699	
2002		42.436	21.466	1
2002		34.642	47.4	2
2002		41.765	44.96	5
2002	GU	13.088	144.619	
2002		-2.907	33.733	2
2002		-28.937	-66.797	
2002		25.842	88.932	
2002		35.626	49.047	261
2002		50.889	6.103	
2002		7.929	-82.793	
2002		30.916	99.927	
2002	MP	14.101	146.199	
2002		-1.196	121.333	48
2002		-21.696	-179.513	
2002		-23.884	178.495	
2002		30.2	31.41	
2002		35.701	48.838	
2002		39.77	72.007	
2002		38.381	13.701	2
2002		-3.302	142.945	4
2002		13.036	93.068	2
2002		-1.68	134.234	
2002		52.52	-2.15	
2002		16.87	-100.113	
2002		31.995	49.329	
2002		47.832	-3.207	
2002		-1.757	134.297	8
2002	AK	63.514	-147.912	
2002		-1.884	29.004	2
2002		37.67	15.267	
2002		41.789	14.872	29
2002		35.517	74.654	11
2002		2.824	96.085	3
2002	AK	63.517	-147.444	
2002		35.414	74.515	19
2002		-14.49	167.827	
2002		37.747	21.087	
2002		39.736	97.443	2
2002		34.594	47.454	
2002		39.57	75.254	
2002		35.704	69.868	
2003		29.59	51.474	
2003		-10.491	160.77	
2003		18.77	-104.104	29
2003		-8.807	118.524	
2003		43.883	11.96	
2003		39.5	39.878	1
2003		43.897	85.923	
2003		12.171	123.921	
2003		12.168	124.079	
2003	CA	34.31	-116.848	
2003		48.342	6.57	
2003		39.61	77.23	261
2003		39.483	77.393	5
2003		-6.983	108.468	
2003		48.21	9	
2003		-8.294	120.743	4
2003		27.264	89.331	
2003		38.221	26.958	
2003		37.529	96.476	
2003	AL	34.494	-85.629	
2003		39.007	40.464	177
2003		39.43	77.219	1
2003		36.964	3.634	2266
2003		38.849	141.568	
2003		2.354	128.855	1
2003		36.939	3.578	9
2003	KY	36.87	-88.98	
2003		39.893	22.309	
2003		-30.608	-71.637	
2003		35.476	60.784	
2003		28.355	54.169	1
2003		-2.598	68.382	
2003		25.975	101.29	16
2003		38.432	141.003	
2003		38.111	28.887	
2003		38.019	28.927	
2003		22.854	92.306	2
2003		-60.532	-43.411	
2003		1.142	128.152	
2003		9.355	-79.941	
2003		39.16	20.605	
2003		43.77	119.643	4
2003		29.573	95.605	
2003		-45.104	167.144	
2003		44.329	11.45	
2003		34.998	140.172	
2003		19.917	95.672	
2003		19.777	-70.673	3
2003		41.815	143.91	
2003		50.038	87.813	3
2003		50	87.89	
2003		-43.34	173.04	
2003		50.211	87.721	
2003		35.457	139.871	
2003		19.761	-70.693	
2003		25.954	101.254	3
2003		38.4	100.951	9
2003		37.812	142.619	
2003		34.712	103.834	1
2003		27.372	103.971	4
2003	AK	51.146	178.65	
2003		12.025	125.416	1
2003		27.283	103.753	
2003		42.905	80.515	11
2003		-8.137	120.524	
2003		23.039	121.362	
2003		31.953	49.209	
2003		43.083	27.486	
2003	CA	35.706	-121.102	2
2003		8.416	-82.824	2
2003		28.995	58.311	31000
2003		-22.107	169.35	
2004		-8.31	115.788	1
2004		17.488	-101.303	
2004		48.758	19.217	
2004		36.852	3.418	
2004		27.695	52.397	
2004		-3.12	127.4	
2004		8.358	-82.877	
2004		-3.615	135.538	37
2004		-4.003	135.023	
2004		31.675	35.551	
2004		34.774	73.216	24
2004		-0.466	100.655	5
2004		-1.559	100.488	
2004		-3.393	29.558	3
2004		35.142	-3.997	628
2004		37.136	22.116	
2004		45.382	118.256	
2004		39.93	40.812	10
2004		39.847	40.874	
2004		36.512	71.029	3
2004		-1.549	100.54	
2004		-8.669	114.65	
2004		-9.362	122.839	
2004		24.081	121.611	2
2004		-37.695	-73.406	
2004		37.506	96.758	
2004		29.881	51.474	
2004		30.126	67.121	1
2004		9.926	124.038	
2004		36.29	51.61	35
2004		47.311	142.12	
2004		27.836	36.905	
2004		-38.854	-73.155	
2004		39.766	43.979	18
2004		46.296	13.641	1
2004		34.89	61.852	
2004		-38	176.51	1
2004		33.426	69.524	2
2004		39.634	43.966	1
2004		36.833	27.815	
2004		27.266	103.873	4
2004		38.377	39.261	1
2004		33.07	136.618	
2004		33.184	137.071	
2004		-28.573	-65.84	1
2004		34.682	103.781	
2004		54.841	19.912	
2004	CA	35.819	-120.364	
2004		11.989	-86.52	
2004		37.125	54.477	
2004		24.53	122.694	
2004		25.073	99.169	
2004		37.226	138.779	40
2004		37.284	138.885	
2004		45.787	26.622	
2004	BC	49.277	-128.772	
2004		35.945	23.115	
2004		37.396	138.862	
2004		-8.152	124.868	34
2004		4.695	-77.508	
2004		32.023	48.836	
2004		9.602	-84.172	8
2004		15.679	-61.706	1
2004		33.297	47.977	
2004		-46.676	164.721	
2004		45.626	10.559	
2004		-3.609	135.404	32
2004		43.006	145.119	
2004		36.848	3.448	
2004		10.49	-61.48	
2004		48.115	8.077	
2004		36.865	3.421	
2004		42.9	145.228	
2004		24.757	92.539	
2004		44.119	141.793	
2004		37.042	28.206	
2004	TAS	-49.312	161.345	
2004		3.316	95.854	1001
2005		37.103	54.574	
2005		34.064	141.491	
2005		-41.223	175.21	
2005		-1.198	119.933	1
2005		-1.364	-80.785	
2005		22.526	100.709	
2005		37.622	43.703	2
2005		37.91	-1.82	
2005		-7.037	107.819	1
2005		15.775	-61.744	
2005		41.728	79.44	
2005		24.55	92.524	
2005		30.754	56.816	612
2005		30.378	68.038	
2005		-26.913	26.789	2
2005		39.44	40.978	
2005		27.095	61.887	
2005		39.354	40.89	
2005		17.145	73.73	
2005		17.072	73.668	
2005		33.807	130.131	1
2005		2.085	97.108	1303
2005		-1.644	99.607	
2005		-19.987	-69.197	11
2005	CA	41.301	-125.97	
2005		1.819	97.082	
2005		-1.174	119.963	
2005		42.389	19.812	
2005		-9.948	124.48	
2005		35.498	139.982	
2005		7.92	92.19	
2005		46.827	125.058	1
2005	MT	45.365	-112.615	
2005		39.437	33.089	
2005		26.569	103.036	
2005		9.985	108.383	
2005		28.85	52.56	
2005		23.627	104.103	
2005		-19.78	-68.98	
2005		17.398	74.118	
2005		38.276	142.039	
2005		30.924	78.56	
2005		17.067	73.773	
2005		-4.539	153.474	
2005		12.471	40.634	
2005		-5.678	-76.398	5
2005		-16.635	-70.794	
2005		34.539	73.588	76213
2005		38.152	26.751	1
2005		-0.507	-77.745	
2005		23.604	107.798	1
2005		-5.852	-78.704	
2005		38.107	144.896	
2005		29.695	115.689	16
2005		38.26	38.814	
2005		26.774	55.858	13
2005		-6.224	29.83	6
2005		36.357	71.093	5
2005		30.476	79.255	1
2005		38.804	26.783	
2006		36.311	23.212	
2006		-5.473	128.131	
2006		27.382	88.388	2
2006		41.708	25.544	
2006		-21.324	33.583	4
2006		26.912	91.705	
2006		28.12	56.865	
2006		23.777	70.899	
2006		33.129	73.887	1
2006		-3.595	127.214	
2006		36.623	5.328	4
2006		27.574	55.685	1
2006		3.462	97.224	
2006		33.5	48.78	70
2006		44.624	124.122	
2006		22.868	121.278	
2006		34.6	73.136	
2006		23.322	70.477	
2006		37.64	20.92	
2006		31.607	90.413	
2006		60.949	167.089	
2006		-20.187	-174.123	
2006		8.898	-82.543	
2006		30.79	56.7	
2006		-5.575	105.395	
2006		-7.961	110.446	5749
2006		26.759	55.843	2
2006		37.605	43.787	
2006		-14.52	34.28	
2006		33.129	131.141	
2006		40.27	19.96	
2006		33.068	104.95	
2006		-9.254	107.411	
2006		27.995	104.138	22
2006		37.255	68.828	3
2006		-33.131	-68.707	
2006		38.246	69.22	
2006		45.84	-0.14	
2006		28.012	104.151	1
2006		26.319	-86.606	
2006		-16.592	-172.033	
2006		10.876	-61.756	
2006		10.814	-61.758	1
2006	HI	19.878	-155.935	
2006		-13.457	-76.677	
2006		31.56	113.21	
2006		43.469	119.558	
2006		46.592	153.266	
2006		42.99	-0.05	
2006		48.195	22.46	
2006		44.229	83.524	
2006		-3.728	119.233	
2006		2.52	128.283	
2006		-8.251	118.777	1
2006		47.58	7.6	
2006		18.901	98.916	
2006		0.626	99.859	7
2006		26.88	76.15	
2006		42.156	76.163	
2006		21.799	120.547	2
2006		47.449	19.343	
2007		39.803	70.311	
2007		37.021	103.911	
2007		33.259	104.74	
2007		46.243	154.524	
2007		39.592	42.863	
2007		1.065	126.282	4
2007		6.614	126.24	
2007		38.318	39.267	
2007		-0.493	100.498	67
2007		2.082	-76.495	
2007		33.49	48.93	
2007		-20.617	169.357	
2007		37.336	136.588	1
2007		38.34	20.42	
2007		-8.466	157.043	2
2007		17.302	-100.198	
2007		34.807	136.239	
2007		41.172	19.897	
2007		-45.243	-72.648	2
2007		51.085	1.009	
2007	MT	45.394	-112.13	
2007		20.504	100.746	
2007		-1.065	127.343	
2007		23.028	101.052	3
2007		13.554	-90.618	
2007		34.437	50.833	
2007		-3.987	-79.836	
2007		37.57	138.478	9
2007		42.913	82.378	
2007	CA	37.804	-122.193	
2007		38.936	70.485	12
2007		30.881	78.239	
2007		2.872	127.464	
2007		-15.595	167.68	
2007		47.116	141.798	2
2007	AK	51.307	-179.971	
2007	UT	39.465	-111.237	9
2007		-5.968	107.655	
2007		-13.386	-76.603	514
2007	UT	39.464	-111.207	3
2007		17.2	73.7	
2007		28.154	56.652	
2007		-11.61	165.762	
2007		-7.783	114.338	
2007		2.982	-77.967	
2007		-4.438	101.367	25
2007		-2.625	100.841	
2007		22.013	142.668	
2007		-49.418	163.954	
2007		-44.785	167.583	
2007		35.304	76.753	1
2007	CA	37.434	-121.774	
2007		21.181	70.724	1
2007		9.721	124.647	1
2007		22.15	92.388	
2007		-22.247	-69.89	2
2007		-2.312	-77.838	
2007		31.68	49.93	
2007		-8.277	118.339	3
2007		28.555	77.057	
2007		14.944	-61.274	1
2007		-15.048	-44.231	1
2007		-25.996	-177.514	
2007		-32.689	-71.695	
2007		-39.011	178.291	1
2007		39.417	33.212	
2007		39.446	33.162	
2008		40.288	72.985	
2008		14.129	-91.479	
2008		-0.795	134.012	
2008		35.616	-0.57	1
2008		22.761	92.333	
2008		1.011	97.442	1
2008		-2.296	28.9	38
2008		23.433	87.111	1
2008		32.456	-115.315	
2008		31.73	51.2	
2008		-2.404	28.918	1
2008		33.327	35.305	
2008		2.768	95.964	3
2008	NV	41.153	-114.867	
2008		-2.486	99.972	
2008		53.403	-0.332	
2008		-3.7	-40.35	
2008		23.33	70.592	
2008		35.49	81.467	
2008		-12.178	-77.164	
2008		-20.071	168.892	
2008		13.564	-90.599	
2008		38.452	-87.886	
2008		39.52	-119.93	
2008		-19.941	168.953	
2008		33.86	48.59	
2008		36.158	141.521	
2008		31.002	103.322	87652
2008		-3.91	-40.44	
2008		4.33	-73.764	6
2008		32.57	105.424	8
2008		8.423	-82.968	
2008		32.71	105.54	
2008		64.004	-21.012	
2008		35.883	-0.658	1
2008		24.702	84.964	
2008		37.963	21.525	2
2008		39.03	140.881	13
2008		-10.368	-75.512	
2008		35.5	58.8	
2008		53.882	152.886	
2008		-15.986	-71.748	1
2008		37.552	142.214	
2008		39.802	141.464	1
2008		32.747	105.542	1
2008	CA	33.953	-117.761	
2008		32.036	104.722	
2008		32.756	105.494	4
2008		10.514	-64.171	
2008		12.897	124.319	
2008		25.051	97.919	
2008		25.044	97.684	5
2008		-39.715	176.851	
2008		30.901	83.52	
2008		-52.533	26.417	
2008		51.607	104.158	
2008		26.272	101.937	43
2008		37.507	38.503	
2008		-3.935	103.058	2
2008		26.743	55.828	7
2008		41.892	143.754	
2008		17.438	73.915	1
2008		39.533	73.824	74
2008		29.807	90.35	9
2008		43.372	46.254	13
2008		30.639	67.351	166
2008		30.598	67.455	
2008		37.565	95.833	
2008		1.271	122.091	6
2008		8.267	-82.967	
2008		49.914	18.455	2
2008		26.99	55.8	
2008		32.518	105.395	2
2008		-32.938	-69.259	
2008		23.97	97.569	
2008		23.97	97.569	
2008		36.401	71.075	
2009		-0.414	132.885	5
2009		-0.691	133.305	
2009		10.165	-84.197	23
2009		46.857	155.154	
2009		-11.779	-75.626	
2009		3.884	126.397	
2009		34.204	73.899	
2009		40.657	78.692	
2009		-23.046	-174.659	
2009		22.399	85.903	
2009		13.452	-86.06	
2009		42.334	13.334	309
2009		42.275	13.464	1
2009		27.143	70.749	
2009		34.185	70.076	19
2009		25.212	37.597	
2009		25.292	37.744	
2009		33.198	75.787	
2009		41.303	22.714	
2009		16.72	-86.236	7
2009		-17.026	168.329	
2009		-17.757	167.949	
2009		44.724	78.864	1
2009		9.59	-78.966	
2009		25.632	101.095	
2009		-45.762	166.562	
2009		31.158	85.902	
2009		29.358	105.438	2
2009		14.099	92.888	
2009		34.743	138.264	1
2009		-1.479	99.49	
2009		37.696	95.718	
2009		25.28	95.101	
2009		-7.782	107.297	81
2009		42.66	43.443	
2009		10.705	-67.92	
2009		6.513	124.715	
2009		-9.138	115.593	
2009		27.332	91.437	11
2009		-38.28	145.25	
2009		-15.489	-172.095	
2009		-0.72	99.867	1117
2009		-2.515	101.501	3
2009		-13.006	166.51	
2009		-12.517	166.382	
2009		-0.962	-77.817	
2009		36.517	70.95	5
2009		27.262	91.417	
2009		25.962	100.825	
2009		27.334	56.202	
2009		-8.207	118.631	2
2009		10.434	-69.715	
2009		-26.414	27.494	2
2009		-9.948	33.878	1
2009		17.109	73.767	
2009		34.921	139.261	
2009		23.796	121.605	
2009		-10.108	33.818	3
2009		32.437	-115.165	
2009		27.319	91.51	
2010		38.245	71.467	
2010		-8.743	157.477	
2010		-8.799	157.346	
2010		-9.019	157.551	
2010		-7.907	107.879	1
2010	CA	40.652	-124.692	
2010		18.457	-72.533	316000
2010		10.454	-63.475	
2010		32.45	48.3	
2010		25.558	105.804	7
2010		30.268	105.668	1
2010		25.523	101.903	
2010		25.93	128.425	
2010		-36.122	-72.898	402
2010		-24.872	-65.602	2
2010		22.918	120.795	
2010		38.864	39.986	51
2010		-34.29	-71.891	
2010		13.667	92.831	
2010		32.297	-115.278	2
2010		2.383	97.048	
2010		33.165	96.548	2220
2010		35.633	67.658	11
2010		-30.794	121.406	
2010		30.099	80.026	
2010		-18.058	-70.547	
2010		3.748	96.018	
2010		35.9	4.12	2
2010	PR	18.4	-67.07	
2010	MP	16.591	145.682	
2010		7.881	91.936	
2010		32.7	-115.921	
2010		-2.174	136.543	17
2010		13.197	93.087	
2010		29.872	80.428	
2010		45.88	-75.48	
2010		16.396	-97.782	1
2010		27.022	53.861	1
2010		6.486	123.467	
2010		35.217	59.308	
2010		-17.541	168.069	
2010		-1.266	-77.306	
2010	GU	12.484	141.476	
2010		35.49	54.47	3
2010		27.197	103.005	
2010		-43.522	171.83	
2010		-43.57	172.388	
2010		-40.433	176.818	
2010		-43.598	172.69	
2010		23.407	90.648	
2010		29.647	51.665	1
2010		33.869	72.887	1
2010		-3.487	100.082	
2010		43.76	20.673	2
2010		33.37	48.94	
2010		30.178	67.117	
2010		7.521	37.839	
2010	OK	35.827	-96.772	
2010		28.412	59.18	7
2010		26.901	143.698	
2010		-19.702	167.947	
2010		-43.55	172.647	
2011		30.16	51.62	
2011		-19.157	168.311	
2011		28.777	63.951	3
2011		24.693	97.943	
2011		24.618	94.68	1
2011		-36.474	-73.125	
2011		38.947	-107.497	
2011		-43.583	172.68	181
2011		9.457	125.935	
2011		38.435	142.842	
2011		24.719	97.969	25
2011		38.297	142.372	1476
2011		36.281	141.111	
2011		38.058	144.59	
2011		20.687	99.822	75
2011		29.698	80.754	
2011		38.276	141.588	3
2011		31.373	100.757	
2011		37.001	140.401	7
2011		-4.586	122.771	
2011		37.699	-1.672	10
2011		39.12	29.04	2
2011		43.015	88.247	
2011		-43.564	172.743	1
2011		25.075	98.721	
2011		52.05	-171.836	
2011		32.447	95.948	
2011		-29.539	-176.34	
2011		38.034	143.264	
2011		40.081	71.41	14
2011		24.932	98.73	
2011		39.955	77.028	
2011		-18.365	168.143	
2011		-18.311	168.218	
2011	CO	37.063	-104.701	
2011	VA	37.936	-77.933	
2011	AK	52.171	-171.708	
2011		2.965	97.893	10
2011		28.724	77.189	
2011		27.73	88.155	111
2011		14.186	-90.238	1
2011		21.211	70.533	
2011		-28.993	-176.238	
2011		38.722	43.513	604
2011		-14.438	-75.966	1
2011		27.449	88.684	2
2011		-0.13	-78.37	
2011		43.648	82.437	
2011		35.532	-96.765	
2011		7.904	125.185	
2011		35.531	-96.788	
2011		38.429	43.229	40
2011		24.955	95.236	
2011		13.297	-87.898	
2011		38.31	76.888	
2011		-41.364	174.315	
2011		17.844	-99.963	2
2011		-43.49	172.8	
2011		51.842	95.911	
2012		36.288	58.835	
2012		-14.168	-75.635	
2012		-17.827	167.133	
2012		9.999	123.206	51
2012		22.661	120.891	
2012		31.428	56.778	
2012		12.354	123.7	
2012		40.887	144.944	
2012		10.037	125.633	
2012		16.493	-98.231	2
2012		-35.2	-72.217	1
2012		2.327	93.063	10
2012		0.802	92.463	
2012		-18.972	168.741	
2012		-32.625	-71.365	2
2012		32.747	47.726	
2012		41.549	46.789	
2012		26.175	92.889	
2012		38.612	70.354	1
2012		-17.678	-69.591	
2012		-16.764	-43.999	
2012		44.89	11.23	7
2012		44.831	11.49	
2012		42.645	22.968	
2012		44.851	11.086	17
2012		-7.692	106.371	
2012		36.42	28.88	
2012		36.023	69.351	75
2012		37.294	42.325	
2012		27.767	100.781	4
2012		43.433	84.7	
2012		32.978	119.593	1
2012		2.707	96.045	1
2012		-9.694	159.727	
2012		38.329	46.826	306
2012		49.8	145.064	
2012		-1.315	120.096	6
2012		12.139	-88.59	
2012		10.811	126.638	1
2012		10.085	-85.315	2
2012		27.575	103.983	81
2012		23.739	81.314	
2012		52.788	-132.101	
2012		13.988	-91.895	48
2012		23.005	95.885	26
2012		40.411	90.355	
2012		33.506	59.571	8
2012		37.89	143.949	
2013	AK	55.393	-134.652	
2013		4.927	95.907	1
2013		-10.799	165.114	
2013		-10.928	166.018	
2013		1.135	-77.393	
2013		55.15	61.41	
2013		27.226	103.071	
2013		-15.748	-71.425	
2013		25.98	99.812	
2013		40.119	77.466	
2013		23.828	121.215	1
2013		28.428	51.593	37
2013		15.52	-87.159	
2013		34.369	134.828	
2013		28.033	61.996	40
2013		33.958	139.352	
2013		31.817	-97.088	14
2013		46.221	150.788	
2013		30.308	102.888	196
2013		34.526	70.22	18
2013		33.061	75.863	3
2013		26.56	57.77	2
2013		36.703	5.261	
2013		54.892	153.221	
2013		7.275	124.898	
2013		23.789	121.141	4
2013		54.263	86.173	
2013		-8.305	116.058	
2013		4.645	96.665	42
2013		-8.803	113.002	
2013		36.534	3.086	
2013		-41.704	174.337	
2013		34.512	104.262	94
2013		38.753	22.666	
2013		-41.767	174.061	
2013		16.917	-99.381	
2013		28.229	99.37	5
2013		14.643	-92.104	1
2013		26.971	65.52	386
2013		-15.851	-74.562	
2013		27.263	65.587	22
2013		35.487	23.261	
2013		9.866	124.011	186
2013		5.067	96.031	1
2013		37.149	144.679	
2013		-60.296	-46.362	
2013		29.363	51.314	8
2014		27.15	54.448	1
2014		19.001	-66.848	
2014		-40.634	175.776	
2014		-7.976	109.246	
2014		38.169	20.431	
2014		26.579	57.717	
2014		38.292	20.337	
2014		35.922	82.549	
2014		-30.679	121.187	
2014		33.684	131.825	
2014		-19.925	-70.628	
2014	CA	33.932	-117.917	
2014		-19.642	-70.817	7
2014		-20.4	-70.135	
2014		28.155	103.641	
2014		12.514	-86.379	
2014		-11.315	162.211	
2014		-11.451	162.069	
2014		12.176	-86.296	
2014		17.552	-100.816	
2014		-6.72	154.931	
2014		19.703	99.683	
2014		17.385	-100.656	
2014		26.387	68.358	2
2014		49.915	8.624	
2014		40.977	19.879	
2014		40.305	25.453	3
2014		24.976	97.865	
2014		-30.118	-177.67	
2014	AK	51.797	178.76	
2014		14.742	-92.409	53
2014		37.04	142.425	
2014	AK	58.358	-137.13	
2014		17.842	-95.524	1
2014		36.851	3.161	6
2014		27.245	103.427	589
2014		-26.986	26.741	1
2014		-0.076	-78.302	2
2014		28.182	103.57	
2014		32.739	47.67	
2014	CA	38.22	-122.313	1
2014		6.881	125.251	
2014		-13.814	-71.744	8
2014		23.386	100.487	1
2014		-32.115	-110.779	
2014		12.526	-88.123	1
2014		1.928	126.547	
2014		30.343	101.72	1
2014		36.64	137.911	
2014		23.336	100.474	1
2015		39.83	142.89	
2015		-16.431	168.148	
2015		23.663	102.907	
2015		44.52	18.93	4
2015		44.107	85.641	
2015		34.658	73.302	
2015		44.126	19.936	
2015		33.179	115.798	2
2015		-4.76	152.556	
2015		24.194	122.327	1
2015		28.147	84.708	8200
2015		31.594	140.167	
2015		-5.465	151.886	
2015		27.837	86.077	117
2015		27.831	140.493	
2015		5.987	116.541	18
2015		26.642	90.401	
2015		37.468	78.136	3
2015		-9.303	158.396	
2015		-10.444	165.172	
2015		33.884	73.225	3
2015	AK	52.376	-169.446	
2015		-2.683	138.508	
2015		8.237	-77.298	
2015		-2.102	28.93	3
2015		-31.573	-71.674	7
2015		-0.631	131.244	
2015		-25.42	-64.444	1
2015		36.441	70.717	300
2015		8.477	-71.365	1
2015		-29.439	-72.105	
2015		30.991	128.877	
2015		38.755	20.552	2
2015		-10.047	-71.023	
2015		-10.548	-70.904	
2015		38.258	72.767	2
2015		36.5	71.132	2
2016		24.834	93.656	13
2016		-3.863	127.229	
2016	AK	59.658	-153.452	
2016		35.741	-3.597	
2016		22.939	120.593	116
2016		-4.908	94.275	
2016		36.472	71.131	6
2016		32.782	130.726	50
2016		0.382	-79.922	663
2016		-16.074	167.393	
2016		32.038	94.987	
2016		0.465	-79.641	1
2016		1.295	126.355	
2016		38.883	70.626	
2016	MP	18.515	145.529	
2016		-8.218	117.816	
2016		-22.495	173.111	
2016		-15.613	-71.671	4
2016		-55.279	-31.874	
2016		42.714	13.172	299
2016		20.919	94.579	3
2016		-37.401	179.055	
2016		-1.03	31.56	19
2016		42.012	21.481	
2016		35.769	129.227	1
2016		-2.65	29.06	3
2016		34.905	73.682	1
2016		35.374	133.809	
2016		42.934	13.043	1
2016		42.855	13.088	
2016	OK	35.984	-96.798	
2016		-42.757	173.077	2
2016		37.392	141.403	
2016		11.96	-88.835	
2016		27.806	86.532	1
2016		51.613	16.157	8
2016		-15.294	-70.823	1
2016		5.281	96.108	104
2016		-10.665	161.335	1
2016		-10.73	161.107	
2016		-4.509	153.45	
2016		0.816	-79.74	3
2016		-43.416	-73.88	
2017		24.015	92.018	2
2017		-19.326	176.053	
2017		28.2	53.107	4
2017		-20.16	46.647	2
2017		42.601	13.227	29
2017		-6.214	155.122	2
2017		25.216	63.272	
2017		9.911	125.461	8
2017		17.415	95.999	2
2017		35.8	60.436	2
2017		13.725	120.929	
2017		13.753	-89.16	1
2017		-33.073	-72.051	
2017		5.516	125.093	
2017	AK	59.844	-136.695	
2017		37.659	75.253	8
2017		37.777	57.195	2
2017		-3.054	32.893	1
2017		38.765	27.775	
2017		-1.289	120.453	
2017		38.932	26.364	1
2017		14.982	-91.988	5
2017		13.753	-90.949	
2017		-19.444	34.509	
2017		11.114	124.633	3
2017		54.472	168.815	
2017		36.949	27.458	2
2017		33.193	103.855	24
2017		44.323	82.837	
2017		40.78	13.945	2
2017		11.014	124.736	2
2017		15.068	-93.715	98
2017		18.584	-98.399	369
2017		16.737	-94.946	5
2017		7.629	124.874	
2017		-21.66	169.203	
2017		-21.63	168.884	
2017		34.886	45.941	537
2017		9.526	-84.505	3
